_6,0,0.904793730864,0.90418858631,0.951777301294,0.896318049515,0.891235676773,0.905566072928,0.961384643406,0.901610149298,0.915922502845,0.913049133682,-0.163259117186,-0.220886642939,0.41276322462,0.606294751572,-0.164856434945,0.277487830842,0.39776238756,-0.00187128553143,0.258346782894,0.19450246546,-0.171863911736,-0.405018329805,-0.220886642939,-0.202457581785,-0.283293873343,-0.0948904037156,0.962668778741
_6,1,0.904885009841,0.904171382403,0.951788928547,0.896232202759,0.89139395432,0.905517503577,0.961421014362,0.901647070706,0.915994759654,0.913084687251,-0.164550422805,-0.221040194236,0.412925823618,0.607820952182,-0.164745574468,0.278557126048,0.398584974979,-0.000321788862492,0.261727792957,0.195226264595,-0.171068834265,-0.403978395366,-0.221040194236,-0.203020607856,-0.282672736753,-0.0935226949623,0.962692650622
_6,2,0.904833431581,0.904231930162,0.951835426689,0.896200923449,0.891430510953,0.905434381919,0.961299862863,0.901611698453,0.916009527735,0.913056633406,-0.165073293616,-0.221248161504,0.412531841301,0.60775084202,-0.165404387819,0.278115657625,0.399440142563,-0.000479855905917,0.261995009788,0.196037544387,-0.170765542371,-0.403566617968,-0.221248161504,-0.20253759045,-0.281714742549,-0.0928438096174,0.962733866198
_6,3,nan,nan,nan,nan,nan,nan,nan,nan,nan,nan,nan,nan,nan,nan,nan,nan,nan,nan,nan,nan,nan,nan,nan,nan,nan,nan,nan
_6,4,nan,nan,nan,nan,nan,nan,nan,nan,nan,nan,nan,nan,nan,nan,nan,nan,nan,nan,nan,nan,nan,nan,nan,nan,nan,nan,nan
_6,5,nan,nan,nan,nan,nan,nan,nan,nan,nan,nan,nan,nan,nan,nan,nan,nan,nan,nan,nan,nan,nan,nan,nan,nan,nan,nan,nan
_6,6,nan,nan,nan,nan,nan,nan,nan,nan,nan,nan,nan,nan,nan,nan,nan,nan,nan,nan,nan,nan,nan,nan,nan,nan,nan,nan,nan
_6,7,nan,nan,nan,nan,nan,nan,nan,nan,nan,nan,nan,nan,nan,nan,nan,nan,nan,nan,nan,nan,nan,nan,nan,nan,nan,nan,nan
_6,8,nan,nan,nan,nan,nan,nan,nan,nan,nan,nan,nan,nan,nan,nan,nan,nan,nan,nan,nan,nan,nan,nan,nan,nan,nan,nan,nan
_6,9,nan,nan,nan,nan,nan,nan,nan,nan,nan,nan,nan,nan,nan,nan,nan,nan,nan,nan,nan,nan,nan,nan,nan,nan,nan,nan,nan
_6,10,nan,nan,nan,nan,nan,nan,nan,nan,nan,nan,nan,nan,nan,nan,nan,nan,nan,nan,nan,nan,nan,nan,nan,nan,nan,nan,nan
_6,11,0.904787857734,0.904171566623,0.951625867553,0.896227491295,0.890992533906,0.905478437393,0.96121122827,0.901217864153,0.915995294933,0.91277846697,-0.161579340844,-0.221624923041,0.413871136599,0.604480850292,-0.164592603556,0.280278568645,0.399474041179,-0.00342529576994,0.256724039296,0.19571132613,-0.170201582394,-0.404298054698,-0.221624923041,-0.198963513241,-0.283234024365,-0.0985284918634,0.96267949705
_6,12,0.90487676461,0.904182342286,0.951724419842,0.896243000454,0.891002671499,0.905491390636,0.961186316588,0.901276151969,0.915898740453,0.912754386186,-0.162087308774,-0.221731728053,0.413628239979,0.604978696024,-0.164543719799,0.279901762894,0.398995389888,-0.00280772087957,0.257167446157,0.195138357294,-0.170366060073,-0.404615067687,-0.221731728053,-0.199594111001,-0.283364296185,-0.0980115995989,0.962658236884
_6,13,0.904835868668,0.904096706787,0.951693094069,0.896185916262,0.891084167431,0.905470282443,0.961189379243,0.901479703918,0.915827664297,0.912813234597,-0.162988494422,-0.221467494484,0.412807337327,0.605401169191,-0.163872577437,0.278856445839,0.397593471736,-0.00107620048496,0.258205075019,0.193740625399,-0.170498563597,-0.404169232023,-0.221467494484,-0.20134828574,-0.283564245026,-0.0963220014174,0.96260514208
_6,14,0.904853482067,0.904106802579,0.951507764127,0.896141458977,0.891120442045,0.905372111556,0.961156671393,0.901511846334,0.915898246356,0.91284012278,-0.162726993529,-0.220706002055,0.412960432047,0.605136732672,-0.162678401297,0.279518607486,0.397050723548,-4.89325344275e-05,0.259669450788,0.193801116557,-0.16995724577,-0.402509251708,-0.220706002055,-0.201640426196,-0.283235609412,-0.0955735201012,0.962575891938
_6,15,0.904699307824,0.903993352062,0.951629222768,0.896114900386,0.891126969108,0.905354891649,0.961162395628,0.901544915536,0.915938103094,0.912953199155,-0.163935648207,-0.22155137765,0.41214052047,0.60596375596,-0.16403838491,0.278370645298,0.39789095379,-0.000220318544091,0.25953323425,0.193875522753,-0.170143478467,-0.403532133746,-0.22155137765,-0.201845735481,-0.282825910768,-0.0949065915098,0.962611414543
_7,0,0.059274874535,0.00691017757859,-0.0323716656696,0.0569209939726,0.00527601549285,-0.0230777218263,0.0499975383953,-0.00243551278078,0.0604424023738,0.040766352021,0.0155811169271,0.0331757539669,-0.00320391645452,-0.0183928253978,0.0643258992885,0.0534868149272,-0.0369077890545,0.0581436936881,0.0597716338273,-0.00294349343332,0.0532638683432,0.0655933122785,0.0331757539669,-0.0251650858711,0.000561330065181,0.0244010873966,-0.0292168810787
_7,1,0.0607799399988,0.00764178091354,-0.0325217709036,0.0517083766693,0.00572433631173,-0.023124659206,0.0456662133918,-0.00216224674816,0.0560784305538,0.0373922587013,0.0159149111646,0.0336303108537,-0.00291814006625,-0.0185605171676,0.0657101174906,0.054919430226,-0.0371629902982,0.0594976864741,0.0611124920231,-0.00265648397908,0.0546300666019,0.0669117789146,0.0336303108537,-0.0253937594497,0.000552622315992,0.0246369157849,-0.0290651903021
_7,2,0.0612785368143,0.00785692674368,-0.0324889399334,0.0513171203433,0.00603974015815,-0.0231521941483,0.0460640035949,-0.00201345099895,0.0560061739508,0.0376815722662,0.0160438384262,0.033719169388,-0.00281639804885,-0.0186381013345,0.0660564756997,0.0553657675408,-0.0371384347552,0.0598931731621,0.0615918479787,-0.00245208887876,0.0550117588712,0.067272016789,0.033719169388,-0.0255159268613,0.000689107875648,0.0248429228228,-0.0289272939218
_7,3,nan,nan,nan,nan,nan,nan,nan,nan,nan,nan,nan,nan,nan,nan,nan,nan,nan,nan,nan,nan,nan,nan,nan,nan,nan,nan,nan
_7,4,nan,nan,nan,nan,nan,nan,nan,nan,nan,nan,nan,nan,nan,nan,nan,nan,nan,nan,nan,nan,nan,nan,nan,nan,nan,nan,nan
_7,5,nan,nan,nan,nan,nan,nan,nan,nan,nan,nan,nan,nan,nan,nan,nan,nan,nan,nan,nan,nan,nan,nan,nan,nan,nan,nan,nan
_7,6,nan,nan,nan,nan,nan,nan,nan,nan,nan,nan,nan,nan,nan,nan,nan,nan,nan,nan,nan,nan,nan,nan,nan,nan,nan,nan,nan
_7,7,nan,nan,nan,nan,nan,nan,nan,nan,nan,nan,nan,nan,nan,nan,nan,nan,nan,nan,nan,nan,nan,nan,nan,nan,nan,nan,nan
_7,8,nan,nan,nan,nan,nan,nan,nan,nan,nan,nan,nan,nan,nan,nan,nan,nan,nan,nan,nan,nan,nan,nan,nan,nan,nan,nan,nan
_7,9,nan,nan,nan,nan,nan,nan,nan,nan,nan,nan,nan,nan,nan,nan,nan,nan,nan,nan,nan,nan,nan,nan,nan,nan,nan,nan,nan
_7,10,nan,nan,nan,nan,nan,nan,nan,nan,nan,nan,nan,nan,nan,nan,nan,nan,nan,nan,nan,nan,nan,nan,nan,nan,nan,nan,nan
_7,11,0.0650797950335,0.00788162830193,-0.0318001711841,0.0546613400614,0.00596228221217,-0.0224402423358,0.0474803756534,-0.00252360458771,0.0594781758065,0.03571824105,0.015529442663,0.0331414648575,-0.00289137632779,-0.017817966885,0.0683651930512,0.05924839284,-0.0359583728694,0.0628656994246,0.0646689827094,-0.00226274434566,0.0589032434017,0.0696925630388,0.0331414648575,-0.0243400371706,0.0010020148332,0.0240642105673,-0.0290311321681
_7,12,0.0648489778208,0.00779935307178,-0.0315116673636,0.0529692425055,0.00576962700396,-0.0224722629171,0.0456079828753,-0.00243315295878,0.0576333222245,0.035612112358,0.0152187730748,0.0329099125937,-0.00284194774165,-0.0174426345638,0.0679881465308,0.0590551016261,-0.0355930577409,0.0626702023272,0.0645086908869,-0.00208495589901,0.0587144452245,0.0693491259436,0.0329099125937,-0.0242868466597,0.00117110656469,0.0241141462912,-0.0289089564707
_7,13,0.0641429950906,0.00711034346441,-0.031671248769,0.05470663096,0.00536767432008,-0.02254211429,0.0477478861786,-0.00252393412182,0.0588396217449,0.0375795286709,0.0151879175668,0.0328143531286,-0.00303453328292,-0.017551573984,0.0675071309134,0.0583865494626,-0.0357306718023,0.0621190024337,0.0639416933433,-0.00242239386507,0.0580761355226,0.0688769507555,0.0328143531286,-0.024362122719,0.00097748944973,0.0240756888961,-0.0291870718987
_7,14,0.0609236581451,0.00747329204942,-0.031932121387,0.0627055384649,0.00558635924497,-0.0226254947822,0.0539222818095,-0.00244405721371,0.0661442509229,0.0436557398886,0.0153261772711,0.0331755506632,-0.003128384748,-0.0178682505791,0.0652666159182,0.0551071395782,-0.0363794733781,0.0593748391768,0.0610991028639,-0.0025370280427,0.0548796443717,0.0666245399969,0.0331755506632,-0.0246669809943,0.00099080842716,0.0242572161503,-0.0289699283273
_7,15,0.0592840969281,0.00711375454716,-0.0323460220346,0.0692927274968,0.0055469839757,-0.0228037902397,0.0602212159656,-0.00241350937661,0.0719870374078,0.0487132675855,0.0154684204774,0.033384678218,-0.00349359257778,-0.0183036611476,0.0642497263922,0.0533751065913,-0.037100677391,0.0580774904133,0.0596363937299,-0.00318350354282,0.0532682256376,0.0655599595931,0.033384678218,-0.0250997345692,0.000637442588739,0.0244140863039,-0.0291630259634
_4,0,0.013878953847,0.0259732258051,0.0096630856999,0.00659562152717,0.0198776916832,0.0043334962589,0.000366822318424,0.0148783972415,0.0134026151938,-0.00833312423769,-0.00233066807664,-0.0120490962188,-0.00368274247373,-0.00196200375304,0.000565124144268,0.00227550017514,0.00173868402888,0.0029428090275,-0.009064774144,-0.0106934984306,0.00588776450726,-0.00728345016928,-0.0120490962188,0.00357745657457,-0.00760440995277,-0.0107173361172,0.0047194509478
_4,1,0.0136413434668,0.0242059291452,0.00948988474361,0.00629308201519,0.0186694513445,0.00449523359348,0.000471514573763,0.0139078837399,0.0122304423323,-0.00863504251537,-0.00213452252189,-0.0120831742984,-0.00343560724535,-0.00184939883339,0.000514546418662,0.00212949220162,0.00163456279436,0.0026819144619,-0.00928640203935,-0.0108104408976,0.00547555064367,-0.00758180666714,-0.0120831742984,0.00335456567974,-0.00787983301737,-0.0108353408026,0.00416959750407
_4,2,0.013181163774,0.0221587239921,0.00916755462001,0.00565815985918,0.0174276948593,0.00477244240754,0.000652602366463,0.0130879853303,0.0112577605382,-0.00819477295791,-0.00179332577992,-0.0114789549484,-0.00291629147674,-0.00159252235436,0.000589460296367,0.00232164305853,0.00176700252793,0.002400756067,-0.00882020438524,-0.0101268179256,0.00514493667643,-0.00738506464013,-0.0114789549484,0.00324098358943,-0.00769871458257,-0.0104682396595,0.00460753434786
_4,3,nan,nan,nan,nan,nan,nan,nan,nan,nan,nan,nan,nan,nan,nan,nan,nan,nan,nan,nan,nan,nan,nan,nan,nan,nan,nan,nan
_4,4,nan,nan,nan,nan,nan,nan,nan,nan,nan,nan,nan,nan,nan,nan,nan,nan,nan,nan,nan,nan,nan,nan,nan,nan,nan,nan,nan
_4,5,nan,nan,nan,nan,nan,nan,nan,nan,nan,nan,nan,nan,nan,nan,nan,nan,nan,nan,nan,nan,nan,nan,nan,nan,nan,nan,nan
_4,6,nan,nan,nan,nan,nan,nan,nan,nan,nan,nan,nan,nan,nan,nan,nan,nan,nan,nan,nan,nan,nan,nan,nan,nan,nan,nan,nan
_4,7,nan,nan,nan,nan,nan,nan,nan,nan,nan,nan,nan,nan,nan,nan,nan,nan,nan,nan,nan,nan,nan,nan,nan,nan,nan,nan,nan
_4,8,nan,nan,nan,nan,nan,nan,nan,nan,nan,nan,nan,nan,nan,nan,nan,nan,nan,nan,nan,nan,nan,nan,nan,nan,nan,nan,nan
_4,9,nan,nan,nan,nan,nan,nan,nan,nan,nan,nan,nan,nan,nan,nan,nan,nan,nan,nan,nan,nan,nan,nan,nan,nan,nan,nan,nan
_4,10,nan,nan,nan,nan,nan,nan,nan,nan,nan,nan,nan,nan,nan,nan,nan,nan,nan,nan,nan,nan,nan,nan,nan,nan,nan,nan,nan
_4,11,0.0120757178046,0.0174273574837,0.00818077858901,0.00498223274603,0.0151010299102,0.00469217511192,0.000540509308754,0.0107704585724,0.00870848429511,-0.00792843902812,-0.00164250747462,-0.0104048197047,-0.00273301530561,-0.00148163075357,0.000329419322907,0.00152945350909,0.00118941475556,0.0020201766276,-0.00823393384714,-0.00936139286245,0.00434080350554,-0.00696448605954,-0.0104048197047,0.00270459655851,-0.0072087295625,-0.0095150538982,0.00456566638402
_4,12,0.0119576926341,0.0182664051909,0.00819594536908,0.00494071339139,0.0152400140327,0.00420446671413,7.6616665849e-06,0.0110778199599,0.008845895992,-0.00856992783191,-0.00186096702715,-0.0109855437283,-0.00306023654694,-0.00166241698665,0.000370702934488,0.00155108623715,0.00119155067645,0.0022783509207,-0.00864204633921,-0.00993915609181,0.00466590782337,-0.00716292894857,-0.0109855437283,0.00286227984213,-0.0074212873814,-0.00993618809509,0.00362275597551
_4,13,0.0122189810711,0.0197138236077,0.00868371926821,0.00527742243868,0.0161362723302,0.00434668653639,-3.24597084192e-05,0.0121268275056,0.00984351786154,-0.00802694709725,-0.0019841196508,-0.0108855311235,-0.0032832834956,-0.00181765220106,0.000380517646686,0.00171743911434,0.00134795867783,0.00241865772723,-0.00834240271301,-0.00970973314607,0.00505482879347,-0.00671144000271,-0.0108855311235,0.00316497537737,-0.00697273813161,-0.00976511724273,0.0045113766705
_4,14,0.0134905832205,0.0230431403144,0.00958431592336,0.00643355943154,0.017016090417,0.00390399574408,-0.000245263780624,0.0125699278606,0.0107616266594,-0.00834846829942,-0.00241475517528,-0.0114709994335,-0.0039577044927,-0.0021236478233,0.000289260015996,0.00162587786885,0.0013073254455,0.00274175402222,-0.00886827983674,-0.010466955426,0.00550974420027,-0.00692923643686,-0.0114709994335,0.0033128732282,-0.00711813491105,-0.0100397013453,0.00410440710469
_4,15,0.0137677153191,0.0243229281538,0.0103265359933,0.00680707983407,0.017179885744,0.00395237573079,-0.000428073907227,0.0133616158173,0.0112407994372,-0.00833971227355,-0.00257607273248,-0.011724578505,-0.00420880150189,-0.00231116418781,0.000312291376291,0.00173802043179,0.00140926715691,0.00291107169855,-0.00902922435241,-0.0106825363176,0.00580838161734,-0.00689767577899,-0.011724578505,0.00354842265248,-0.00707534538104,-0.0102243996025,0.00438156883642
_9,0,-0.0508348299311,0.0765601800513,-0.0731429907545,0.0270744943814,-0.00506985571804,0.139711522374,0.195162952847,-0.0112403469438,0.0609904272511,0.142339336684,0.134415716928,0.103928299261,0.126982240795,0.017950441711,-0.00342126537433,-0.0156209174831,-0.0142897518978,-0.130631130374,-0.0470178548056,0.084972500377,-0.141932563243,-0.0666579053237,0.103928299261,-0.0346584558129,-0.0718997344455,-0.0375305749395,0.127639662171
_9,1,-0.0476324492872,0.0765226327945,-0.0704738680738,0.0250579544094,-0.00958944327571,0.147998942447,0.195406212435,-0.0161972737657,0.0612524456498,0.141550982998,0.138925630671,0.102004968705,0.130529067237,0.0167226672879,-0.00160163434889,-0.00986511554609,-0.00957698833982,-0.133438507901,-0.0477572699616,0.0880209404358,-0.139643450229,-0.0661744521127,0.102004968705,-0.0284181540574,-0.0731547378683,-0.0450708642273,0.12941876716
_9,2,-0.0498523484408,0.0775809696127,-0.0670490193901,0.0263298582153,-0.00826728024424,0.144286461394,0.193522782903,-0.0131003614252,0.0663829718073,0.136680370907,0.135855121564,0.0963124626923,0.128857658019,0.017678028667,-0.00445743207862,-0.0101145846171,-0.00706413821512,-0.133156003526,-0.0504078142297,0.0849629284361,-0.138204333729,-0.0698694438953,0.0963124626923,-0.0270816608493,-0.0746592082596,-0.0479844011067,0.130906140471
_9,3,nan,nan,nan,nan,nan,nan,nan,nan,nan,nan,nan,nan,nan,nan,nan,nan,nan,nan,nan,nan,nan,nan,nan,nan,nan,nan,nan
_9,4,nan,nan,nan,nan,nan,nan,nan,nan,nan,nan,nan,nan,nan,nan,nan,nan,nan,nan,nan,nan,nan,nan,nan,nan,nan,nan,nan
_9,5,nan,nan,nan,nan,nan,nan,nan,nan,nan,nan,nan,nan,nan,nan,nan,nan,nan,nan,nan,nan,nan,nan,nan,nan,nan,nan,nan
_9,6,nan,nan,nan,nan,nan,nan,nan,nan,nan,nan,nan,nan,nan,nan,nan,nan,nan,nan,nan,nan,nan,nan,nan,nan,nan,nan,nan
_9,7,nan,nan,nan,nan,nan,nan,nan,nan,nan,nan,nan,nan,nan,nan,nan,nan,nan,nan,nan,nan,nan,nan,nan,nan,nan,nan,nan
_9,8,nan,nan,nan,nan,nan,nan,nan,nan,nan,nan,nan,nan,nan,nan,nan,nan,nan,nan,nan,nan,nan,nan,nan,nan,nan,nan,nan
_9,9,nan,nan,nan,nan,nan,nan,nan,nan,nan,nan,nan,nan,nan,nan,nan,nan,nan,nan,nan,nan,nan,nan,nan,nan,nan,nan,nan
_9,10,nan,nan,nan,nan,nan,nan,nan,nan,nan,nan,nan,nan,nan,nan,nan,nan,nan,nan,nan,nan,nan,nan,nan,nan,nan,nan,nan
_9,11,-0.0534555197161,0.0727885863791,-0.0682090796618,0.0266368799649,-0.0111816503902,0.144244891104,0.197385329651,-0.0110014007366,0.0576478908116,0.144991594468,0.134820368673,0.102439255606,0.128743717772,0.0200188886701,-0.00447897688914,-0.0161923282518,-0.0139742863481,-0.131579758212,-0.0500837615478,0.0836969520174,-0.144043067053,-0.071895095294,0.102439255606,-0.0367805649777,-0.0770002641525,-0.0406175819103,0.125548642745
_9,12,-0.0535097611109,0.0806665463371,-0.0649353584861,0.0249007750619,-0.0159684101235,0.141672894745,0.198207869927,-0.0153889770854,0.0609251048039,0.145222830722,0.139238712686,0.103833304755,0.136181796815,0.0231568457463,-0.00463737555646,-0.0108327652293,-0.0076961671472,-0.136322967965,-0.0476611610142,0.0914390829033,-0.146103411663,-0.0724535459105,0.103833304755,-0.0339445122989,-0.0775049100804,-0.043970507123,0.129472327735
_9,13,-0.0551479836213,0.0812992740609,-0.065727532901,0.0203819372528,-0.0156570733503,0.145557284942,0.193274300717,-0.017703023595,0.0621325833312,0.143589799603,0.141576155815,0.103493588598,0.136354123441,0.0206088753832,-0.00631793861736,-0.00857158589041,-0.00351540305892,-0.140198115335,-0.0475468896443,0.0951908735262,-0.144074655277,-0.0698544691738,0.103493588598,-0.0269788569014,-0.0732102550804,-0.0466603409891,0.131862511702
_9,14,-0.0515654873467,0.0816616954087,-0.0674993758256,0.0234699739216,-0.0122534714606,0.144089058697,0.195573712172,-0.0167982648183,0.0602547904683,0.143029419203,0.140192515796,0.105030556791,0.134122198901,0.0198337224878,-0.00427142657669,-0.0105957496181,-0.00776293532087,-0.137173663786,-0.046272700139,0.0925219452741,-0.144123421258,-0.0679200064335,0.105030556791,-0.030320959224,-0.0727435293665,-0.0426341485632,0.130745831512
_9,15,-0.0529201086434,0.0801809767188,-0.0693164752835,0.0236398484474,-0.00924178673728,0.141144346741,0.194329314865,-0.0135588955166,0.0590830572373,0.141953908456,0.137438844002,0.105181325419,0.131435366126,0.0199806736601,-0.00504659992775,-0.0136743732537,-0.0104925359488,-0.135119735076,-0.0465816717893,0.0898719776072,-0.144489856203,-0.0683327854315,0.105181325419,-0.0332293048414,-0.0723570444778,-0.0393747894346,0.128769535526
_2,0,0.0197252083132,0.0114723676499,0.0114134886091,0.0597485787642,0.0354557018322,0.0509669173581,0.175060464576,-0.00829343150923,-0.0112951070973,0.0905614282536,-0.0250570567979,0.0255915918238,0.098464857853,0.153023630839,-0.0329641648038,-0.0394161161277,-0.0207488581553,-0.0216167633964,-0.00196405152191,0.0161575896175,-0.12084339664,-0.154741096696,0.0255915918238,-0.117295137168,-0.0952667828042,0.0390828761672,0.0252445068961
_2,1,0.0210163313884,0.00893750610878,0.0155219347676,0.0619747423998,0.0294015185317,0.0576613119999,0.179417645549,-0.00515030408419,-0.00561208130654,0.0910168063226,-0.0193681205617,0.0188962705606,0.105255811371,0.156341937811,-0.0263278178964,-0.0309192936005,-0.0159777700586,-0.0193033250008,-0.00720754149354,0.00985627492986,-0.118142661816,-0.16009414887,0.0188962705606,-0.115126704002,-0.104230641931,0.0294533122707,0.0256833846185
_2,2,0.0269830603874,0.00929109930655,0.0174589687667,0.0689432029975,0.0298352656412,0.0579243237966,0.178204696529,-0.00647905453754,-0.00714545131619,0.0851082097772,-0.0199868945016,0.0192578115138,0.102884922293,0.153503088332,-0.0257717128774,-0.0331615388268,-0.0189037916716,-0.0159616316945,-0.0142885380892,0.00109659079957,-0.118286271333,-0.159702298806,0.0192578115138,-0.115772333339,-0.104309988442,0.0301366709988,0.0237981835484
_2,3,nan,nan,nan,nan,nan,nan,nan,nan,nan,nan,nan,nan,nan,nan,nan,nan,nan,nan,nan,nan,nan,nan,nan,nan,nan,nan,nan
_2,4,nan,nan,nan,nan,nan,nan,nan,nan,nan,nan,nan,nan,nan,nan,nan,nan,nan,nan,nan,nan,nan,nan,nan,nan,nan,nan,nan
_2,5,nan,nan,nan,nan,nan,nan,nan,nan,nan,nan,nan,nan,nan,nan,nan,nan,nan,nan,nan,nan,nan,nan,nan,nan,nan,nan,nan
_2,6,nan,nan,nan,nan,nan,nan,nan,nan,nan,nan,nan,nan,nan,nan,nan,nan,nan,nan,nan,nan,nan,nan,nan,nan,nan,nan,nan
_2,7,nan,nan,nan,nan,nan,nan,nan,nan,nan,nan,nan,nan,nan,nan,nan,nan,nan,nan,nan,nan,nan,nan,nan,nan,nan,nan,nan
_2,8,nan,nan,nan,nan,nan,nan,nan,nan,nan,nan,nan,nan,nan,nan,nan,nan,nan,nan,nan,nan,nan,nan,nan,nan,nan,nan,nan
_2,9,nan,nan,nan,nan,nan,nan,nan,nan,nan,nan,nan,nan,nan,nan,nan,nan,nan,nan,nan,nan,nan,nan,nan,nan,nan,nan,nan
_2,10,nan,nan,nan,nan,nan,nan,nan,nan,nan,nan,nan,nan,nan,nan,nan,nan,nan,nan,nan,nan,nan,nan,nan,nan,nan,nan,nan
_2,11,0.0147334251914,0.015221486309,0.0295265560599,0.0482196438167,0.0436792639752,0.0626722879089,0.179231936812,-0.013822141292,-0.0145607862393,0.073699211154,-0.0317181301111,0.0257175973463,0.0986726535063,0.158490948005,-0.0432934841692,-0.0461998438566,-0.0211500774665,-0.0321495390245,-0.0125152922435,0.0156811279252,-0.126969484648,-0.164332006118,0.0257175973463,-0.121633510557,-0.096283693944,0.0435855269061,0.0256445866057
_2,12,0.0193455027993,0.0127432919716,0.0204369906944,0.0482721812357,0.0388657619176,0.0637477649627,0.186399486124,-0.0257465819285,-0.0121441737676,0.0797564518536,-0.0271655795877,0.0239692294527,0.10663791974,0.165595059613,-0.039471235592,-0.0406387379558,-0.0174283504731,-0.0344770729215,-0.00676429404028,0.0225814572139,-0.128343869073,-0.169391313541,0.0239692294527,-0.122606288263,-0.102309299905,0.0392223694368,0.025278330499
_2,13,0.0197954532237,0.0123104920333,0.0270805490881,0.0520014657268,0.0368200356514,0.057460837662,0.182097184474,-0.0163768279409,-0.0151364585172,0.0835942507316,-0.0264306034606,0.0270671972316,0.103982232752,0.161439094238,-0.0359204393347,-0.0425148039306,-0.0221481724704,-0.0265778240815,-0.0056417417883,0.0169986387655,-0.127755457967,-0.164793263556,0.0270671972316,-0.123582310268,-0.101137285329,0.0414403670791,0.0217111766246
_2,14,0.0216651141045,0.00873930454224,0.024739434586,0.0546864289934,0.0406082151729,0.0517163548017,0.177177465901,-0.00328730254976,-0.0103950494935,0.082390084731,-0.0314365064804,0.0220710251741,0.0971713948818,0.156511796688,-0.03709256193,-0.0408566424571,-0.0194458966844,-0.0155033540438,-0.00457796048238,0.00887049723412,-0.121000409174,-0.159297325187,0.0220710251741,-0.118799933157,-0.0962490434184,0.0400753540018,0.0267309828384
_2,15,0.021360353581,0.00633602403862,0.0191484316731,0.061990570182,0.03754674927,0.0529310654971,0.176366665692,-0.00926820185794,-0.0112264928084,0.0857732219593,-0.0283151626996,0.0236269828222,0.0966821269289,0.153683612765,-0.0350442176622,-0.0409014378518,-0.0208787738849,-0.0183772658573,-0.00711104592412,0.00916897322992,-0.120907439217,-0.157251584271,0.0236269828222,-0.117941669679,-0.0955283285752,0.0394613859358,0.0252975380471
_17,0,0.0944142178965,0.0811068654509,0.0445656309461,-0.0794623379488,0.0256313116744,0.0241174671546,0.0216298914715,0.0125143288349,-0.0225770780714,0.0117863809594,0.0604539252295,0.0643508741148,0.106266288802,0.0881089006057,0.0487973592613,0.0900200957845,0.078015350605,-0.030438722259,0.0990744925701,0.105143008997,-0.0402399421148,0.0386334679281,0.0643508741148,-0.0299540162667,-0.00452275074302,0.0283778965558,0.0741774086101
_17,1,0.0964254002961,0.0808265834888,0.0372170360837,-0.0807855842866,0.0197660918217,0.0213408944544,0.0197330502455,0.0110672979077,-0.0216337591983,0.00609231036156,0.0617653015364,0.0635617092508,0.107429104909,0.0883406514056,0.054955412452,0.0932352002569,0.0788733821907,-0.0264975965108,0.10099654298,0.105645653727,-0.0360719462203,0.0422736497237,0.0635617092508,-0.0282088458058,-0.00765062160336,0.0245316899565,0.0714217514568
_17,2,0.0954779065162,0.0765574390748,0.047845657364,-0.0762509035097,0.0234432139281,0.0213748502345,0.0238811501345,0.0102526578254,-0.0257393146436,0.00683506891114,0.0529893190804,0.0587083721902,0.101645805176,0.0861695017664,0.0452209774512,0.0870903316396,0.0752781781082,-0.024296425092,0.0961780417494,0.099813182524,-0.0369396209925,0.0335887011843,0.0587083721902,-0.0336220050601,-0.00878929426412,0.0292440247486,0.0698732632923
_17,3,nan,nan,nan,nan,nan,nan,nan,nan,nan,nan,nan,nan,nan,nan,nan,nan,nan,nan,nan,nan,nan,nan,nan,nan,nan,nan,nan
_17,4,nan,nan,nan,nan,nan,nan,nan,nan,nan,nan,nan,nan,nan,nan,nan,nan,nan,nan,nan,nan,nan,nan,nan,nan,nan,nan,nan
_17,5,nan,nan,nan,nan,nan,nan,nan,nan,nan,nan,nan,nan,nan,nan,nan,nan,nan,nan,nan,nan,nan,nan,nan,nan,nan,nan,nan
_17,6,nan,nan,nan,nan,nan,nan,nan,nan,nan,nan,nan,nan,nan,nan,nan,nan,nan,nan,nan,nan,nan,nan,nan,nan,nan,nan,nan
_17,7,nan,nan,nan,nan,nan,nan,nan,nan,nan,nan,nan,nan,nan,nan,nan,nan,nan,nan,nan,nan,nan,nan,nan,nan,nan,nan,nan
_17,8,nan,nan,nan,nan,nan,nan,nan,nan,nan,nan,nan,nan,nan,nan,nan,nan,nan,nan,nan,nan,nan,nan,nan,nan,nan,nan,nan
_17,9,nan,nan,nan,nan,nan,nan,nan,nan,nan,nan,nan,nan,nan,nan,nan,nan,nan,nan,nan,nan,nan,nan,nan,nan,nan,nan,nan
_17,10,nan,nan,nan,nan,nan,nan,nan,nan,nan,nan,nan,nan,nan,nan,nan,nan,nan,nan,nan,nan,nan,nan,nan,nan,nan,nan,nan
_17,11,0.0845743791885,0.093658174577,0.0553566607711,-0.0826529662869,0.00842706012511,0.022028340227,0.0263645431745,0.00881641851735,-0.0191831797984,0.0111918828769,0.0661304766719,0.0655364083974,0.115644212428,0.0943820240146,0.0258561640907,0.0919396913443,0.0851090103616,-0.0503752258476,0.0990917270112,0.113549795395,-0.0557566280777,0.0156824214472,0.0655364083974,-0.027877426038,-0.0109755310271,0.0216204030576,0.0889439745137
_17,12,0.0856464563832,0.0906957102442,0.0518275124312,-0.078893455761,0.00972120405613,0.0232397430765,0.0338956153527,0.0087774230934,-0.0175652066687,0.0058416849391,0.0647794863338,0.0628698421033,0.11157792608,0.0906015485867,0.0275511967745,0.0884896468554,0.0811294359848,-0.0486025334137,0.094573139707,0.108274134998,-0.0550544559718,0.0129569044794,0.0628698421033,-0.0291968726878,-0.0187888686447,0.0183439484624,0.0851789634119
_17,13,0.0873254535322,0.0904041241629,0.0442654809505,-0.0801242966997,0.0112126187124,0.0223270824,0.0312698968404,0.00945427158299,-0.0201436595296,0.00587656383785,0.0682352792746,0.067195939056,0.112689011968,0.0902956077916,0.0376588213783,0.0900663296458,0.0800802650906,-0.0454443206612,0.0970028319902,0.109471842255,-0.0533019762166,0.0223098435606,0.067195939056,-0.0309835718942,-0.0173954394997,0.0211314641083,0.0813833302156
_17,14,0.0884617415306,0.0835511415159,0.042978325207,-0.0836627232042,0.0140024014503,0.0222985126309,0.0306905239703,0.00930755414416,-0.0216300007514,0.00958690078674,0.0611750331971,0.0627462670416,0.112329525665,0.093536229302,0.0377446862258,0.0929392250843,0.0830586349702,-0.0383259700739,0.100732813795,0.109646769853,-0.0479144614299,0.0241895253689,0.0627462670416,-0.0321681890235,-0.0138049629175,0.0243177456729,0.0756553115489
_17,15,0.0891663717488,0.0836144103719,0.0379838746425,-0.0845562822704,0.021422615531,0.0227763065097,0.0262693202297,0.0110046636339,-0.0190021772684,0.0105104780571,0.064226411045,0.0650320547242,0.112744071309,0.0929210036237,0.046292874373,0.0949568015977,0.0832141222401,-0.0354583462478,0.102736583479,0.110777292585,-0.0436988114878,0.0337640203571,0.0650320547242,-0.0285863364316,-0.00932612121393,0.0238113145811,0.0758369405848
_13,0,0.62806249871,0.546045867082,0.537546554661,0.570915712373,0.509908803623,0.530548555433,0.595433393199,0.586596560004,0.544872523746,0.540085770775,0.0373711331453,0.00397819719227,0.0768810221833,0.0419145038309,0.180287364899,0.102245765901,-0.0793271753619,0.144090429549,0.072205685431,-0.0752591798091,0.0268724576584,0.0311401730253,0.00397819719227,-0.110470697191,-0.139448048122,-0.0293933663856,0.702140217997
_13,1,0.627852563528,0.546772813284,0.536165327693,0.570491390372,0.509823914925,0.529593957125,0.595739728206,0.586075111328,0.544084328996,0.540974385508,0.0388541691074,0.00843960218899,0.0787575131021,0.0424838277482,0.18099910947,0.10180227823,-0.0808197782052,0.143335752926,0.0746318973598,-0.0723061667279,0.0245551952665,0.0329963413461,0.00843960218899,-0.112282871563,-0.138140871683,-0.0262302230556,0.701940921788
_13,2,0.628058670765,0.545890597955,0.537117196074,0.5710200773,0.509770709834,0.531183304605,0.595876212834,0.587002400641,0.544144941816,0.541353154126,0.0387511971613,0.00666504631583,0.0772774019435,0.0411978190793,0.181455838818,0.101496039287,-0.0812255991866,0.143939891296,0.072966137595,-0.0744998425251,0.0257365875405,0.0325927585853,0.00666504631583,-0.111624237073,-0.139162462495,-0.0279224701325,0.702098091701
_13,3,nan,nan,nan,nan,nan,nan,nan,nan,nan,nan,nan,nan,nan,nan,nan,nan,nan,nan,nan,nan,nan,nan,nan,nan,nan,nan,nan
_13,4,nan,nan,nan,nan,nan,nan,nan,nan,nan,nan,nan,nan,nan,nan,nan,nan,nan,nan,nan,nan,nan,nan,nan,nan,nan,nan,nan
_13,5,nan,nan,nan,nan,nan,nan,nan,nan,nan,nan,nan,nan,nan,nan,nan,nan,nan,nan,nan,nan,nan,nan,nan,nan,nan,nan,nan
_13,6,nan,nan,nan,nan,nan,nan,nan,nan,nan,nan,nan,nan,nan,nan,nan,nan,nan,nan,nan,nan,nan,nan,nan,nan,nan,nan,nan
_13,7,nan,nan,nan,nan,nan,nan,nan,nan,nan,nan,nan,nan,nan,nan,nan,nan,nan,nan,nan,nan,nan,nan,nan,nan,nan,nan,nan
_13,8,nan,nan,nan,nan,nan,nan,nan,nan,nan,nan,nan,nan,nan,nan,nan,nan,nan,nan,nan,nan,nan,nan,nan,nan,nan,nan,nan
_13,9,nan,nan,nan,nan,nan,nan,nan,nan,nan,nan,nan,nan,nan,nan,nan,nan,nan,nan,nan,nan,nan,nan,nan,nan,nan,nan,nan
_13,10,nan,nan,nan,nan,nan,nan,nan,nan,nan,nan,nan,nan,nan,nan,nan,nan,nan,nan,nan,nan,nan,nan,nan,nan,nan,nan,nan
_13,11,0.627721672123,0.548548658303,0.537463076249,0.570525022425,0.508837748873,0.531117016495,0.596613304387,0.587754160073,0.545378847648,0.539467768893,0.0427655380866,0.00539104315289,0.0830589327503,0.0430710599549,0.183132935533,0.104665718199,-0.0798474595939,0.141689579673,0.0709868789923,-0.0743518522153,0.0231842835229,0.0287732382004,0.00539104315289,-0.111619859754,-0.143991134899,-0.0328594958597,0.702189076634
_13,12,0.628235903917,0.546966446591,0.537147397476,0.571144053188,0.509066691712,0.53148176756,0.596120165122,0.58665918428,0.544423076209,0.539820369297,0.0413419284272,0.00573066765833,0.0796193346151,0.0409961334726,0.182244146028,0.10276098618,-0.0806592366822,0.14219005476,0.0707918521555,-0.0748337406491,0.0246865996106,0.0306230777287,0.00573066765833,-0.110761342594,-0.141502669568,-0.0311882953773,0.701961202187
_13,13,0.628151605598,0.54812317661,0.535383257553,0.570483969799,0.508682663956,0.529984598693,0.596357876989,0.585730062326,0.544109738215,0.539041265591,0.0434896295922,0.00844528438945,0.0825064799855,0.0417976775045,0.183334978033,0.103659078918,-0.0812247181787,0.141161707069,0.0721129856336,-0.0726727182087,0.0227219890695,0.0311591235269,0.00844528438945,-0.111847871298,-0.141781737996,-0.0303843530163,0.701425915511
_13,14,0.628815469375,0.546670625405,0.536319078318,0.5708694872,0.509325278671,0.529923378252,0.595468134208,0.585885299389,0.544723798846,0.539849317103,0.0396467030156,0.00591197855751,0.0785497351929,0.0414497279821,0.182194187745,0.103700276907,-0.0799874613153,0.143789331284,0.0734000735049,-0.0739843110843,0.0266933842492,0.0327966972284,0.00591197855751,-0.110539385659,-0.139570994559,-0.0294517591638,0.701739929285
_13,15,0.628660513077,0.547136616999,0.53621627679,0.570726506596,0.508884956154,0.530370811634,0.596240880024,0.586306200611,0.544086547845,0.539203859196,0.0415220363894,0.00644022571738,0.0806569525842,0.0418832019709,0.183291631753,0.103570402159,-0.0810796731725,0.143079000944,0.0721324714064,-0.0745499299425,0.0244925269409,0.0311003405427,0.00644022571738,-0.111852757428,-0.142031097899,-0.0306220868456,0.70136916939
_12,0,0.601374243346,0.616545158728,0.6202287513,0.621336400331,0.633594960858,0.638034531083,0.674747160698,0.663218955466,0.703832818559,0.688241126338,0.0054109868134,0.00215502491586,0.0683248360756,0.0602782435993,0.0392238008419,0.120446421519,0.0818783306968,0.0338639583308,0.111888159305,0.0836356989549,0.0529737684055,0.0526456251294,0.00215502491586,0.0233121771601,0.0206256783324,-0.00256520030285,0.823644219556
_12,1,0.601456739605,0.618398600831,0.620839213799,0.624470673783,0.633616644117,0.639089092008,0.675545634143,0.663599275082,0.706173520913,0.690726926621,0.00849843613392,0.00457950655225,0.0674020368109,0.0564829380031,0.03906551856,0.119878782458,0.0817029133723,0.0306166355577,0.110845800503,0.0858571368462,0.0532650646932,0.0553448180083,0.00457950655225,0.0266458888346,0.0237410479299,-0.00277332829326,0.824909918067
_12,2,0.601249807566,0.616550159917,0.620176151718,0.622468132385,0.6330662806,0.638182597077,0.674932331885,0.663325405414,0.704331813322,0.689005959904,0.00654892156957,0.00332494845154,0.0678103853418,0.0587106736115,0.0400715098192,0.12004424312,0.0806861094524,0.0335743966586,0.111574608076,0.0836081495771,0.053058741945,0.0538762932041,0.00332494845154,0.0235887229178,0.0211203282231,-0.0023485644554,0.823695136796
_12,3,nan,nan,nan,nan,nan,nan,nan,nan,nan,nan,nan,nan,nan,nan,nan,nan,nan,nan,nan,nan,nan,nan,nan,nan,nan,nan,nan
_12,4,nan,nan,nan,nan,nan,nan,nan,nan,nan,nan,nan,nan,nan,nan,nan,nan,nan,nan,nan,nan,nan,nan,nan,nan,nan,nan,nan
_12,5,nan,nan,nan,nan,nan,nan,nan,nan,nan,nan,nan,nan,nan,nan,nan,nan,nan,nan,nan,nan,nan,nan,nan,nan,nan,nan,nan
_12,6,nan,nan,nan,nan,nan,nan,nan,nan,nan,nan,nan,nan,nan,nan,nan,nan,nan,nan,nan,nan,nan,nan,nan,nan,nan,nan,nan
_12,7,nan,nan,nan,nan,nan,nan,nan,nan,nan,nan,nan,nan,nan,nan,nan,nan,nan,nan,nan,nan,nan,nan,nan,nan,nan,nan,nan
_12,8,nan,nan,nan,nan,nan,nan,nan,nan,nan,nan,nan,nan,nan,nan,nan,nan,nan,nan,nan,nan,nan,nan,nan,nan,nan,nan,nan
_12,9,nan,nan,nan,nan,nan,nan,nan,nan,nan,nan,nan,nan,nan,nan,nan,nan,nan,nan,nan,nan,nan,nan,nan,nan,nan,nan,nan
_12,10,nan,nan,nan,nan,nan,nan,nan,nan,nan,nan,nan,nan,nan,nan,nan,nan,nan,nan,nan,nan,nan,nan,nan,nan,nan,nan,nan
_12,11,0.599153269543,0.614301769239,0.620610316234,0.622565969217,0.632737451669,0.638373708614,0.674422770834,0.663114948024,0.706862897219,0.691558358583,0.00358571558009,-0.000186432113337,0.0642415981618,0.058079173349,0.0368370846132,0.12137194422,0.0855093333444,0.0332981234166,0.112350285489,0.0850160774351,0.0580060360732,0.0552364816461,-0.000186432113337,0.029190106818,0.025627355687,-0.00343346109784,0.824944560696
_12,12,0.59969724395,0.61425410597,0.618307897376,0.621177480659,0.632492507215,0.637067343306,0.674401360888,0.662734021971,0.705167895552,0.689004394569,0.00503177837268,0.000339705919264,0.0661958713723,0.0585360824882,0.0403954130106,0.121842815537,0.082207568901,0.0354206538029,0.111864985605,0.0822241049634,0.0565452110371,0.0543287364303,0.000339705919264,0.0255030117546,0.0212095171511,-0.00417454381554,0.823335900336
_12,13,0.600931323311,0.615707782775,0.620374125655,0.624314653369,0.631599901487,0.637707583957,0.675425901397,0.66322782387,0.706143075077,0.691546108725,0.0063319240447,0.00282037674496,0.0666092299504,0.0578333171166,0.0408463391071,0.121448327423,0.0815822347536,0.0345626497253,0.112860387478,0.0840534794349,0.0556705938871,0.0560035426664,0.00282037674496,0.0253792207291,0.0225601957129,-0.00270854470752,0.824072575843
_12,14,0.600934090384,0.615410186702,0.619043097875,0.622369942765,0.632998561929,0.637801364766,0.675399194965,0.663259125846,0.704770247997,0.689416444132,0.00604608383236,0.00278436277129,0.067068510076,0.0584794873086,0.0410988349644,0.120509141261,0.0801328614444,0.0351107476076,0.112022942243,0.0825515061329,0.0543027734335,0.0545554542005,0.00278436277129,0.0233970575758,0.0208031569249,-0.00247912587053,0.82339785503
_12,15,0.600284252124,0.617825745189,0.621468479408,0.623766286305,0.633536011417,0.639146102317,0.67517032217,0.663619569101,0.705838858331,0.690998658942,0.0070147134203,0.00328498882951,0.0672349990328,0.0578040486779,0.0372749404737,0.119739934178,0.0833969130199,0.0303040763197,0.111015218853,0.0862821823026,0.0532975464416,0.0541850593375,0.00328498882951,0.0270833510414,0.0241367045767,-0.00281843767334,0.825178664646
_11,0,0.400128800963,0.40237100175,0.321416834726,0.412395320345,0.414915798475,0.420145432925,0.380263165276,0.413289321254,0.366268359622,0.333341867483,0.0758796972545,0.0376391923697,-0.0372050833916,-0.104390300978,0.0711371479529,-0.0509429727934,-0.108837814368,-0.00465244512178,-0.0780245564636,-0.0706678291765,-0.0139706976569,0.0254583216098,0.0376391923697,-0.00814118707584,-0.0419005103292,-0.0337475466048,0.575349562754
_11,1,0.397988295233,0.403905106705,0.321728292229,0.413295771392,0.418215217036,0.419806172444,0.377779362454,0.414339699718,0.366307999275,0.332010905716,0.0738998391297,0.0374180721332,-0.0411877463919,-0.106235654965,0.0675766636984,-0.0557912709035,-0.110139661437,-0.00626956359796,-0.080944135583,-0.0721645299905,-0.0148541646502,0.0243749977263,0.0374180721332,-0.00735522849098,-0.0395813160888,-0.0322139855496,0.576307028797
_11,2,0.399361724344,0.403132469811,0.321870711625,0.412778047565,0.414628068908,0.419457203008,0.382113939618,0.414864774885,0.366159726023,0.333119340461,0.0758261886126,0.0378388468041,-0.0351547112835,-0.102296174161,0.0717932766918,-0.0518354766945,-0.110205811426,-0.00394206986619,-0.0786715759208,-0.0718246198203,-0.0169077001814,0.0227369795503,0.0378388468041,-0.0114800120814,-0.0450876106505,-0.03363809525,0.574854068119
_11,3,nan,nan,nan,nan,nan,nan,nan,nan,nan,nan,nan,nan,nan,nan,nan,nan,nan,nan,nan,nan,nan,nan,nan,nan,nan,nan,nan
_11,4,nan,nan,nan,nan,nan,nan,nan,nan,nan,nan,nan,nan,nan,nan,nan,nan,nan,nan,nan,nan,nan,nan,nan,nan,nan,nan,nan
_11,5,nan,nan,nan,nan,nan,nan,nan,nan,nan,nan,nan,nan,nan,nan,nan,nan,nan,nan,nan,nan,nan,nan,nan,nan,nan,nan,nan
_11,6,nan,nan,nan,nan,nan,nan,nan,nan,nan,nan,nan,nan,nan,nan,nan,nan,nan,nan,nan,nan,nan,nan,nan,nan,nan,nan,nan
_11,7,nan,nan,nan,nan,nan,nan,nan,nan,nan,nan,nan,nan,nan,nan,nan,nan,nan,nan,nan,nan,nan,nan,nan,nan,nan,nan,nan
_11,8,nan,nan,nan,nan,nan,nan,nan,nan,nan,nan,nan,nan,nan,nan,nan,nan,nan,nan,nan,nan,nan,nan,nan,nan,nan,nan,nan
_11,9,nan,nan,nan,nan,nan,nan,nan,nan,nan,nan,nan,nan,nan,nan,nan,nan,nan,nan,nan,nan,nan,nan,nan,nan,nan,nan,nan
_11,10,nan,nan,nan,nan,nan,nan,nan,nan,nan,nan,nan,nan,nan,nan,nan,nan,nan,nan,nan,nan,nan,nan,nan,nan,nan,nan,nan
_11,11,0.397387802438,0.403219864214,0.321518102047,0.410932600276,0.419410375224,0.419952305135,0.37806358287,0.412835902051,0.364811351777,0.330846112314,0.0724531827645,0.0371231308567,-0.0402952555208,-0.104185543398,0.0647746329035,-0.0563905724075,-0.108232149407,-0.00764474181061,-0.0806337033302,-0.0705607631716,-0.0163500385944,0.0226539714976,0.0371231308567,-0.00740686786613,-0.0385752726049,-0.0311537701016,0.57637907016
_11,12,0.399895824262,0.403291626767,0.322676914107,0.412400882151,0.414936107503,0.420293498308,0.38048119923,0.413944169088,0.364280572385,0.332993066663,0.0755872528864,0.0386689237072,-0.0361876146502,-0.103221668561,0.0703930966271,-0.0528679976114,-0.109969883478,-0.00511132868454,-0.0786864714553,-0.0707611045839,-0.0169213633202,0.0236234804117,0.0386689237072,-0.0103712429111,-0.0428424922326,-0.0324780950365,0.575265482705
_11,13,0.396515247099,0.40323629937,0.322029210623,0.412444821383,0.419663258668,0.420603374457,0.378869001445,0.413303370603,0.365209657881,0.329802566541,0.0723492819809,0.0354455086962,-0.0411005884444,-0.104754667394,0.0640358268898,-0.0581982243404,-0.108959423124,-0.00828610128073,-0.0838452134197,-0.0729462070694,-0.017368604619,0.0199721214128,0.0354455086962,-0.00768579977334,-0.0404705392307,-0.0327657885134,0.576215628133
_11,14,0.399079712224,0.402162039685,0.32195051694,0.412745510585,0.414879414448,0.421026990774,0.380006788049,0.41351639752,0.365809767768,0.332627967553,0.0758612699992,0.036702324599,-0.0377706534812,-0.104939377865,0.0700958404085,-0.0523125073317,-0.109069317243,-0.00568968162339,-0.0802946720445,-0.0718346718573,-0.0147854507668,0.0237189044589,0.036702324599,-0.00787405093389,-0.042581851282,-0.0346795880811,0.575409907372
_11,15,0.397089514429,0.40252009783,0.322248139402,0.41321242881,0.419454189904,0.421360248698,0.378132946358,0.413013281537,0.364959835775,0.331896131949,0.0724194352313,0.0368467358835,-0.0428180205379,-0.106577501589,0.0642178031483,-0.0584648449141,-0.109490488856,-0.00817329313624,-0.0828062395973,-0.0721046965869,-0.0159242834697,0.0228507578863,0.0368467358835,-0.00649486897871,-0.0379252454364,-0.0313981689533,0.576704321467
_18,0,0.557716338979,0.681964254606,0.279291239984,0.302035475082,0.406344857468,0.166480847257,0.182733172507,0.201219956715,0.22069956856,0.089323583098,0.000278640998137,-0.000956113840609,0.00338050371087,0.00215251457262,-0.00251189062382,0.00105804147011,0.00279624722272,-0.001866890154,-0.000712156050659,0.000255422162536,-0.00222905955041,-0.00196109934221,-0.000956113840609,-9.43619168001e-05,-0.00106193087265,-0.000991605964352,0.325210293879
_18,1,0.63998130442,0.658571034919,0.269582879707,0.313141392791,0.450871609745,0.184288066446,0.217152036406,0.188073390562,0.220433211726,0.0889115866809,-0.00012118702198,-0.00119928371523,0.00368411074632,0.00259777586184,-0.00189439610783,0.000135382088037,0.00161872460231,-0.00131938831336,-0.00108839619957,-0.000443490126863,-0.00277972007238,-0.00234639111957,-0.00119928371523,-0.000762530274319,-0.00154974524672,-0.00108435854535,0.325510604982
_18,2,0.559670541566,0.495945768341,0.292423262433,0.285302886738,0.296368144233,0.17502901174,0.172801154369,0.153079860024,0.151291191645,0.0875758555652,0.000487790394595,-0.00145025662736,0.00263556673126,0.00171103639152,-0.00162268126225,0.000408400450497,0.00155758923377,-0.00172475491068,-0.00151001750472,-0.00043550402261,-0.00157049790981,-0.00246959690277,-0.00145025662736,0.000103503153232,-0.00145454933261,-0.00153418918208,0.308973355234
_18,3,nan,nan,nan,nan,nan,nan,nan,nan,nan,nan,nan,nan,nan,nan,nan,nan,nan,nan,nan,nan,nan,nan,nan,nan,nan,nan,nan
_18,4,nan,nan,nan,nan,nan,nan,nan,nan,nan,nan,nan,nan,nan,nan,nan,nan,nan,nan,nan,nan,nan,nan,nan,nan,nan,nan,nan
_18,5,nan,nan,nan,nan,nan,nan,nan,nan,nan,nan,nan,nan,nan,nan,nan,nan,nan,nan,nan,nan,nan,nan,nan,nan,nan,nan,nan
_18,6,nan,nan,nan,nan,nan,nan,nan,nan,nan,nan,nan,nan,nan,nan,nan,nan,nan,nan,nan,nan,nan,nan,nan,nan,nan,nan,nan
_18,7,nan,nan,nan,nan,nan,nan,nan,nan,nan,nan,nan,nan,nan,nan,nan,nan,nan,nan,nan,nan,nan,nan,nan,nan,nan,nan,nan
_18,8,nan,nan,nan,nan,nan,nan,nan,nan,nan,nan,nan,nan,nan,nan,nan,nan,nan,nan,nan,nan,nan,nan,nan,nan,nan,nan,nan
_18,9,nan,nan,nan,nan,nan,nan,nan,nan,nan,nan,nan,nan,nan,nan,nan,nan,nan,nan,nan,nan,nan,nan,nan,nan,nan,nan,nan
_18,10,nan,nan,nan,nan,nan,nan,nan,nan,nan,nan,nan,nan,nan,nan,nan,nan,nan,nan,nan,nan,nan,nan,nan,nan,nan,nan,nan
_18,11,0.783066756518,0.80428565058,0.325019454344,0.249129736648,0.676538554114,0.271860176101,0.211799807973,0.277368848218,0.2159062934,0.0862030857778,-0.00212014982128,-0.00093580091422,0.00387464636242,0.00444859654534,-0.00509779675269,0.00161951360163,0.00447959657828,-0.0021463677889,-0.000121055148356,0.000417739833617,-0.00185454195223,-0.00153965944187,-0.00093580091422,-0.000183445072404,-0.000581745442977,-0.000508260494352,0.342731946557
_18,12,0.818724868771,0.63242735122,0.351233485484,0.244967294825,0.556003961976,0.307809037379,0.218137969879,0.235603435829,0.166650306099,0.0917921827811,-0.00136386554443,-0.00064205433807,0.00497636403665,0.00513799311688,-0.00339024550413,0.000741495200147,0.00256654123251,-0.0023807626201,-0.000107396550157,0.000662907431396,-0.00196479480307,-0.00163867477303,-0.00064205433807,-0.00029787931486,-0.000585714036729,-0.000404998266732,0.346339645143
_18,13,0.774765279874,0.522455280191,0.384305238916,0.264474680436,0.433926338149,0.319101210094,0.223243759935,0.212403626676,0.148772257774,0.108442901421,0.000124367026382,-0.000803328463078,0.0055179128978,0.00493881689188,-0.00299109759809,0.00104190452648,0.00261206434351,-0.00292355033466,-0.000280462366195,0.00103060759705,-0.00173219676439,-0.00212904001987,-0.000803328463078,0.000172136321409,-0.000743209897506,-0.000816557500439,0.366425176669
_18,14,0.750259843062,0.532024394093,0.311151989399,0.295704305539,0.427496601146,0.249789505261,0.241498024465,0.175042740124,0.169199830714,0.0981548557726,-0.000101393231551,-0.000652712985118,0.00568617150847,0.00464024501375,-0.00230181907602,0.00115078789955,0.00250126423542,-0.00207532494935,-9.48459082326e-05,0.000928937610622,-0.00200861001683,-0.00181279531342,-0.000652712985118,-1.9176233402e-05,-0.000626606413071,-0.000609801069719,0.345265784261
_18,15,0.681128276841,0.513468635999,0.32487771308,0.29421123132,0.374051264302,0.237129706593,0.217395519332,0.17646853756,0.161852554313,0.101572407042,0.000819058058758,-0.000648721336699,0.00403545309177,0.00271281369793,-0.00186170357468,0.000588786580464,0.00177857819907,-0.00219485644627,-0.000667471117266,0.000536686580808,-0.00192196626825,-0.00188710631994,-0.000648721336699,5.36515702181e-05,-0.000844681723115,-0.000874285460554,0.347346192358
_8,0,0.173932574521,0.141797090813,0.130081512279,0.134200992437,0.532934771687,0.546191380545,0.511747224541,0.832048900657,0.824835880974,0.832129776561,0.0830831256013,0.103171069356,0.0649487555922,-0.0131745146029,0.574093000584,0.571852534162,0.0641675853788,0.523829656957,0.57009778781,0.162268591648,0.544009397297,0.590480252267,0.103171069356,0.0841880215626,0.140749525789,0.0593808372615,0.851651934971
_8,1,0.174536711758,0.141849230817,0.130064463111,0.13362991457,0.533754894699,0.546904449409,0.512167487554,0.832432696896,0.824750355677,0.832221268351,0.0833170092825,0.10392947507,0.0646855942264,-0.0135648279574,0.574603898772,0.571681055356,0.0633262739523,0.524308984643,0.570200097959,0.162056003398,0.544146306193,0.590905429934,0.10392947507,0.0835971793503,0.140834951081,0.0601458150212,0.85181404092
_8,2,0.174658832076,0.142242183685,0.130800879875,0.13383760292,0.533515939977,0.546668802676,0.512475259235,0.832257468457,0.824998247961,0.832561902273,0.0832135541612,0.104136598465,0.0656804668705,-0.0125724192385,0.574661561795,0.572501495013,0.0640628007962,0.524446301361,0.571157038133,0.163054363947,0.544282695069,0.591136241518,0.104136598465,0.0836294507618,0.141237765912,0.0605006017663,0.851936339124
_8,3,nan,nan,nan,nan,nan,nan,nan,nan,nan,nan,nan,nan,nan,nan,nan,nan,nan,nan,nan,nan,nan,nan,nan,nan,nan,nan,nan
_8,4,nan,nan,nan,nan,nan,nan,nan,nan,nan,nan,nan,nan,nan,nan,nan,nan,nan,nan,nan,nan,nan,nan,nan,nan,nan,nan,nan
_8,5,nan,nan,nan,nan,nan,nan,nan,nan,nan,nan,nan,nan,nan,nan,nan,nan,nan,nan,nan,nan,nan,nan,nan,nan,nan,nan,nan
_8,6,nan,nan,nan,nan,nan,nan,nan,nan,nan,nan,nan,nan,nan,nan,nan,nan,nan,nan,nan,nan,nan,nan,nan,nan,nan,nan,nan
_8,7,nan,nan,nan,nan,nan,nan,nan,nan,nan,nan,nan,nan,nan,nan,nan,nan,nan,nan,nan,nan,nan,nan,nan,nan,nan,nan,nan
_8,8,nan,nan,nan,nan,nan,nan,nan,nan,nan,nan,nan,nan,nan,nan,nan,nan,nan,nan,nan,nan,nan,nan,nan,nan,nan,nan,nan
_8,9,nan,nan,nan,nan,nan,nan,nan,nan,nan,nan,nan,nan,nan,nan,nan,nan,nan,nan,nan,nan,nan,nan,nan,nan,nan,nan,nan
_8,10,nan,nan,nan,nan,nan,nan,nan,nan,nan,nan,nan,nan,nan,nan,nan,nan,nan,nan,nan,nan,nan,nan,nan,nan,nan,nan,nan
_8,11,0.173255235352,0.14162890974,0.130150308652,0.134067370293,0.53412482518,0.547402723073,0.512146687712,0.832272554701,0.824776640949,0.832201811754,0.0833546899459,0.103642526751,0.0638631804246,-0.0144588145773,0.574137053844,0.571199354271,0.0637552756477,0.52375469527,0.569612240481,0.162238071888,0.544280671225,0.591000868148,0.103642526751,0.0848399629094,0.141719708922,0.0597672090013,0.852022109272
_8,12,0.173363113857,0.142355260811,0.13010516692,0.133495100456,0.534060239335,0.54736989425,0.512097638671,0.832116752944,0.824761956504,0.832336358327,0.083873783853,0.104387113058,0.0644981855258,-0.01435015026,0.574113803885,0.571395232365,0.0640762571136,0.523378495869,0.569888220957,0.163276084419,0.544052195152,0.591201214014,0.104387113058,0.085108255591,0.142457486943,0.0602636161714,0.852160926886
_8,13,0.174255380589,0.142322718556,0.129995147951,0.133857190934,0.534125410567,0.5471206814,0.512045754632,0.832140314564,0.824676652495,0.832437613473,0.0831969811795,0.104475314605,0.0639833767375,-0.0142187045193,0.573828068016,0.571015442581,0.0637222878831,0.523558983135,0.569937719519,0.162976320514,0.543975000016,0.591113215801,0.104475314605,0.0845979704784,0.142442654708,0.0608073818993,0.852103528903
_8,14,0.174188499754,0.142821598909,0.129823537137,0.133748395715,0.533385581108,0.546911866705,0.5120238995,0.831955378174,0.824630042179,0.832394177057,0.0838948222338,0.103986712719,0.0650830854504,-0.0138022874684,0.573944308621,0.571415508227,0.0641136774555,0.523041125997,0.569895223819,0.162920534688,0.543460077374,0.590781609216,0.103986712719,0.084650387005,0.141483427425,0.0597351509967,0.851933082798
_8,15,0.17481218989,0.142503511378,0.130026917088,0.13432838926,0.532962094901,0.546430557457,0.51192454553,0.832164971967,0.82464000525,0.832094844161,0.0833824565049,0.103013865342,0.0653641724936,-0.0129555950045,0.574171344569,0.57168971498,0.0641672602301,0.523620067758,0.56989579993,0.162019565822,0.543507294986,0.590210727717,0.103013865342,0.084004570375,0.140134042393,0.058987556279,0.851542231101
_5,0,0.257169960544,0.229371406761,0.251296765031,0.321851752657,0.283978501246,0.231583917007,0.31520542882,0.218420330354,0.382586427458,0.325718730568,-0.0482514702803,-0.0510561309003,-0.0447996117551,0.00837718694053,-0.03829848977,0.0228765150791,0.0627832483462,0.00997147678139,0.0210656924602,0.0118519756684,0.0674433232784,0.0126893599144,-0.0510561309003,0.0568725293676,0.055517712762,-0.00167039309611,0.499719898313
_5,1,0.256956680541,0.223767380991,0.24697070909,0.321064901542,0.286291420837,0.225371312671,0.316107562115,0.21620339833,0.38414919098,0.326162700315,-0.0544596911899,-0.0525239856922,-0.0496688219666,0.010434546943,-0.0381352992347,0.0227410530083,0.0625285914562,0.0163658911717,0.0257694564985,0.0101098231877,0.0721434897627,0.0153298001378,-0.0525239856922,0.0550227959687,0.0584539807771,0.00310475839144,0.49672731382
_5,2,0.255986822333,0.226871754571,0.248807044029,0.320317109693,0.283272902031,0.233240567837,0.315132131958,0.215645332412,0.382316083974,0.323357888954,-0.0465180113777,-0.0523696706878,-0.0451089929683,0.00633187549214,-0.038599625617,0.0229616463053,0.0631245680967,0.00793371282023,0.0181087930669,0.0108664127299,0.0678151504464,0.0117741695353,-0.0523696706878,0.0594956582218,0.0551128726166,-0.00470908967497,0.49844675927
_5,3,nan,nan,nan,nan,nan,nan,nan,nan,nan,nan,nan,nan,nan,nan,nan,nan,nan,nan,nan,nan,nan,nan,nan,nan,nan,nan,nan
_5,4,nan,nan,nan,nan,nan,nan,nan,nan,nan,nan,nan,nan,nan,nan,nan,nan,nan,nan,nan,nan,nan,nan,nan,nan,nan,nan,nan
_5,5,nan,nan,nan,nan,nan,nan,nan,nan,nan,nan,nan,nan,nan,nan,nan,nan,nan,nan,nan,nan,nan,nan,nan,nan,nan,nan,nan
_5,6,nan,nan,nan,nan,nan,nan,nan,nan,nan,nan,nan,nan,nan,nan,nan,nan,nan,nan,nan,nan,nan,nan,nan,nan,nan,nan,nan
_5,7,nan,nan,nan,nan,nan,nan,nan,nan,nan,nan,nan,nan,nan,nan,nan,nan,nan,nan,nan,nan,nan,nan,nan,nan,nan,nan,nan
_5,8,nan,nan,nan,nan,nan,nan,nan,nan,nan,nan,nan,nan,nan,nan,nan,nan,nan,nan,nan,nan,nan,nan,nan,nan,nan,nan,nan
_5,9,nan,nan,nan,nan,nan,nan,nan,nan,nan,nan,nan,nan,nan,nan,nan,nan,nan,nan,nan,nan,nan,nan,nan,nan,nan,nan,nan
_5,10,nan,nan,nan,nan,nan,nan,nan,nan,nan,nan,nan,nan,nan,nan,nan,nan,nan,nan,nan,nan,nan,nan,nan,nan,nan,nan,nan
_5,11,0.252868907451,0.221555158115,0.244279677973,0.317627827787,0.282619067824,0.228760470299,0.316194612869,0.215327475911,0.386546628762,0.325306417265,-0.0492766655802,-0.0537342644505,-0.0458696300326,0.00879106706091,-0.0371733388523,0.0259669626462,0.064721734149,0.0121348518195,0.0225032843264,0.0111071746934,0.0715341714577,0.013702578017,-0.0537342644505,0.0589054379367,0.0560040866192,-0.00327623901872,0.49636112489
_5,12,0.251192459188,0.222140474335,0.249173247052,0.318674449905,0.278119716682,0.232291855144,0.316553958171,0.216252463517,0.38209525804,0.323975643152,-0.0469972727523,-0.0548339597567,-0.0423208595884,0.00956365823113,-0.038189395719,0.023933619509,0.0637755367796,0.00882732649307,0.0173300444445,0.00903970411952,0.0659840476539,0.00776148662894,-0.0548339597567,0.0567333015878,0.0505826015051,-0.00648517543976,0.4958096509
_5,13,0.250375539891,0.221802835368,0.246830833779,0.31734433093,0.279461224632,0.226002894886,0.312298897838,0.215010845001,0.385138660062,0.322094826062,-0.0506274170791,-0.0570711648312,-0.0458579019559,0.010135477779,-0.0387972721963,0.026113260613,0.0665379794054,0.0118547351716,0.0208065970194,0.00958426031494,0.0716849019725,0.0106683057526,-0.0570711648312,0.0591568849072,0.0543353894993,-0.00518119035569,0.495073756408
_5,14,0.252385823579,0.228141462805,0.251083775236,0.319170661741,0.278187653238,0.233373181409,0.315695944627,0.218028884231,0.380163085391,0.326375725678,-0.0438382511892,-0.0493007698144,-0.0391742127443,0.00905128087018,-0.0377986188808,0.0233069603614,0.0626948323948,0.00604970809257,0.0187993098243,0.0135195644095,0.0622603782644,0.00974377321985,-0.0493007698144,0.0559829405238,0.0519409300272,-0.00434520442376,0.498304393297
_5,15,0.253062226991,0.225374850042,0.247396872676,0.322598141284,0.283690656234,0.225843137822,0.313594068376,0.216838240915,0.385016662984,0.324093843706,-0.0516337756818,-0.0539684850416,-0.0496364982158,0.00752382073236,-0.0390006549445,0.0215117694869,0.062109457303,0.0126611397468,0.0203318557872,0.00824433591534,0.0708813477567,0.0128059341917,-0.0539684850416,0.0574008703157,0.0566595513147,-0.00107365344737,0.496763928375
_10,0,0.342645391961,0.350251852753,0.129657066711,0.349882839584,0.932242276525,0.337129598621,0.944656881002,0.339473420988,0.949168659703,0.342731392815,-0.00305862445124,-0.00376679941548,0.0161832507404,0.00514460931661,-0.00549503372546,-0.00127199307327,0.00533630297079,-0.0118454615256,-0.00468327100691,0.00865707062076,-0.0154161889412,-0.00601697863831,-0.00376679941548,0.00121753207935,-0.00407278403512,-0.00530793297513,0.459013672776
_10,1,0.330022439613,0.335589256592,0.115457696367,0.336085074411,0.932228746467,0.314936353369,0.944655643663,0.316511194932,0.949244589643,0.319852318281,-0.00207151679138,-0.00280329434649,0.0126648162541,0.00357658046089,-0.00377300405336,0.00159695924483,0.00397305919788,-0.00880596257222,-0.00305769006018,0.00687803552445,-0.00970513746989,-0.00411180076621,-0.00280329434649,0.00279883684276,-0.00275938572174,-0.00577508970302,0.42672028736
_10,2,0.340399491033,0.345090940395,0.118152824368,0.345794794128,0.932308935856,0.314285523566,0.944781460658,0.315020711074,0.949218672782,0.317524278445,-0.00181299192405,-0.00321703979963,0.0125324970142,0.00329202186918,-0.0034739580201,0.00433035337357,0.0040007758942,-0.0084704168492,-0.0049617403077,0.00453902453585,-0.00712587221542,-0.00417263862679,-0.00321703979963,0.00488101170017,-0.00550006061546,-0.0107536900728,0.431384889991
_10,3,nan,nan,nan,nan,nan,nan,nan,nan,nan,nan,nan,nan,nan,nan,nan,nan,nan,nan,nan,nan,nan,nan,nan,nan,nan,nan,nan
_10,4,nan,nan,nan,nan,nan,nan,nan,nan,nan,nan,nan,nan,nan,nan,nan,nan,nan,nan,nan,nan,nan,nan,nan,nan,nan,nan,nan
_10,5,nan,nan,nan,nan,nan,nan,nan,nan,nan,nan,nan,nan,nan,nan,nan,nan,nan,nan,nan,nan,nan,nan,nan,nan,nan,nan,nan
_10,6,nan,nan,nan,nan,nan,nan,nan,nan,nan,nan,nan,nan,nan,nan,nan,nan,nan,nan,nan,nan,nan,nan,nan,nan,nan,nan,nan
_10,7,nan,nan,nan,nan,nan,nan,nan,nan,nan,nan,nan,nan,nan,nan,nan,nan,nan,nan,nan,nan,nan,nan,nan,nan,nan,nan,nan
_10,8,nan,nan,nan,nan,nan,nan,nan,nan,nan,nan,nan,nan,nan,nan,nan,nan,nan,nan,nan,nan,nan,nan,nan,nan,nan,nan,nan
_10,9,nan,nan,nan,nan,nan,nan,nan,nan,nan,nan,nan,nan,nan,nan,nan,nan,nan,nan,nan,nan,nan,nan,nan,nan,nan,nan,nan
_10,10,nan,nan,nan,nan,nan,nan,nan,nan,nan,nan,nan,nan,nan,nan,nan,nan,nan,nan,nan,nan,nan,nan,nan,nan,nan,nan,nan
_10,11,0.452527199996,0.467108326383,0.14768744794,0.458588262421,0.93238988445,0.290752109876,0.944845000149,0.293355008748,0.949439816586,0.29549088497,-0.00208425160091,-0.00285807594197,0.0511552559561,0.0075837755022,-0.00611349869829,0.0116067045858,0.00740446845336,-0.0168624295189,0.0023715145128,0.0216519088989,-0.0345953192882,-0.00708762537396,-0.00285807594197,-0.00116810194644,-0.00559926016944,-0.00415281432219,0.46237453613
_10,12,0.460965322473,0.476396984577,0.146636256198,0.46792920177,0.932168265622,0.282075108451,0.944641469171,0.284893685217,0.949197874618,0.286922654605,-0.0026102633246,-0.00325884372154,0.0515596188552,0.00800168354859,-0.00665751862254,0.00938875217114,0.00767502100799,-0.0166781194036,0.00167259662859,0.0207046311378,-0.0370094536255,-0.00765523888937,-0.00325884372154,-0.00187538245235,-0.00558723327547,-0.00336194676607,0.455581722942
_10,13,0.483852105189,0.499338068825,0.158060723976,0.492043847033,0.932198190719,0.2896016505,0.944711284978,0.292529192521,0.949282847811,0.294753630163,-0.00313497015835,-0.00382679905164,0.0492791670338,0.00846616318724,-0.00736836495588,0.00701907773133,0.00815905406052,-0.0164820257779,0.000426487741885,0.0192116053485,-0.0371478064358,-0.0083936410557,-0.00382679905164,-0.00171802669004,-0.00539316066505,-0.00334546896572,0.473466716829
_10,14,0.455234814346,0.468166514804,0.164582127009,0.463633675642,0.932342254028,0.320342804881,0.94487584909,0.323484336018,0.949251616648,0.326269037712,-0.00398006248907,-0.00460635066412,0.0373210242701,0.00852602436039,-0.00784204292625,0.00337302223878,0.00827726864196,-0.0155370246155,-0.000853810026318,0.0167970241147,-0.0299118505416,-0.00873656131477,-0.00460635066412,-0.00149231180694,-0.00504879753398,-0.00326916658457,0.500949821225
_10,15,0.388687209361,0.399248719138,0.151965668109,0.397294707055,0.932298151408,0.346344700627,0.944782927112,0.349249531051,0.949396007294,0.352742839204,-0.00377555220159,-0.00442536779314,0.024193521299,0.00700455717819,-0.00735570934553,-0.00203018750805,0.00709268990061,-0.0157847224601,-0.00448274677719,0.0133736100186,-0.0231406025901,-0.00792864750266,-0.00442536779314,0.000329543988639,-0.00389052858533,-0.00414704735958,0.498375491947
